{"cosine_similarity": 0.2523124615831077, "canberra_similarity": 0.5478526532987811, "euclidean_similarity": 0.0035455522148103435, "keselj_similarity": 0.5452682940508309, "manhattan_similarity": 0.8626564881474191}