{"cosine_similarity": 0.4068260294185025, "canberra_similarity": 0.5938861327908544, "euclidean_similarity": 0.04000414354778952, "keselj_similarity": 0.586754606307551, "manhattan_similarity": 0.8217204440867839}